{
    "fileType": "Plan",
    "geoFence": {
        "circles": [
        ],
        "polygons": [
        ],
        "version": 2
    },
    "groundStation": "QGroundControl",
    "mission": {
        "cruiseSpeed": 15,
        "firmwareType": 12,
        "globalPlanAltitudeMode": 1,
        "hoverSpeed": 5,
        "items": [
            {
                "AMSLAltAboveTerrain": null,
                "Altitude": 50,
                "AltitudeMode": 1,
                "autoContinue": true,
                "command": 22,
                "doJumpId": 1,
                "frame": 3,
                "params": [
                    15,
                    0,
                    0,
                    null,
                    45.41580153542408,
                    -76.07174580541137,
                    50
                ],
                "type": "SimpleItem"
            },
            {
                "AMSLAltAboveTerrain": null,
                "Altitude": 274.32,
                "AltitudeMode": 1,
                "autoContinue": true,
                "command": 16,
                "doJumpId": 2,
                "frame": 3,
                "params": [
                    0,
                    0,
                    0,
                    null,
                    45.52957991503429,
                    -75.93379342263006,
                    274.32
                ],
                "type": "SimpleItem"
            },
            {
                "autoContinue": true,
                "command": 178,
                "doJumpId": 3,
                "frame": 2,
                "params": [
                    1,
                    30.39872,
                    -1,
                    0,
                    0,
                    0,
                    0
                ],
                "type": "SimpleItem"
            },
            {
                "AMSLAltAboveTerrain": null,
                "Altitude": 304.8,
                "AltitudeMode": 1,
                "autoContinue": true,
                "command": 16,
                "doJumpId": 4,
                "frame": 3,
                "params": [
                    0,
                    0,
                    0,
                    null,
                    45.46058874,
                    -75.7824995,
                    304.8
                ],
                "type": "SimpleItem"
            },
            {
                "autoContinue": true,
                "command": 178,
                "doJumpId": 5,
                "frame": 2,
                "params": [
                    1,
                    38.44544,
                    -1,
                    0,
                    0,
                    0,
                    0
                ],
                "type": "SimpleItem"
            },
            {
                "AMSLAltAboveTerrain": null,
                "Altitude": 91.44,
                "AltitudeMode": 1,
                "autoContinue": true,
                "command": 16,
                "doJumpId": 6,
                "frame": 3,
                "params": [
                    0,
                    0,
                    0,
                    null,
                    45.34122308,
                    -75.90857777,
                    91.44
                ],
                "type": "SimpleItem"
            },
            {
                "autoContinue": true,
                "command": 178,
                "doJumpId": 7,
                "frame": 2,
                "params": [
                    1,
                    33.528,
                    -1,
                    0,
                    0,
                    0,
                    0
                ],
                "type": "SimpleItem"
            },
            {
                "AMSLAltAboveTerrain": null,
                "Altitude": 91.44,
                "AltitudeMode": 1,
                "autoContinue": true,
                "command": 16,
                "doJumpId": 8,
                "frame": 3,
                "params": [
                    0,
                    0,
                    0,
                    null,
                    45.41099755,
                    -76.06310648,
                    91.44
                ],
                "type": "SimpleItem"
            },
            {
                "autoContinue": true,
                "command": 178,
                "doJumpId": 9,
                "frame": 2,
                "params": [
                    1,
                    30.39872,
                    -1,
                    0,
                    0,
                    0,
                    0
                ],
                "type": "SimpleItem"
            },
            {
                "autoContinue": true,
                "command": 20,
                "doJumpId": 10,
                "frame": 2,
                "params": [
                    0,
                    0,
                    0,
                    0,
                    0,
                    0,
                    0
                ],
                "type": "SimpleItem"
            }
        ],
        "plannedHomePosition": [
            45.41580153542408,
            -76.07174580541137,
            111.8806032335212
        ],
        "vehicleType": 2,
        "version": 2
    },
    "rallyPoints": {
        "points": [
        ],
        "version": 2
    },
    "version": 1
}
